CustomerID,Recency,Frequency,Monetary,R_Score,F_Score,M_Score,RFM_Score,Segment
12347.0,11,1,711.79,2,1,4,214,Others
12348.0,1,1,892.8,4,1,4,414,Potential Loyalists
12370.0,1,2,1868.02,4,3,4,434,Loyal Customers
12386.0,10,1,258.90000000000003,2,1,2,212,Others
12395.0,1,2,679.92,4,3,4,434,Loyal Customers
12417.0,1,1,291.34,4,1,2,412,Potential Loyalists
12427.0,15,1,303.5,1,1,2,112,At Risk
12429.0,9,1,1281.5,3,1,4,314,Potential Loyalists
12431.0,1,2,773.95,4,3,4,434,Loyal Customers
12433.0,10,2,3787.12,2,3,4,234,Loyal Customers
12441.0,10,1,173.55,2,1,1,211,Others
12471.0,1,4,3874.36,4,4,4,444,Champions
12472.0,13,1,1631.3,1,1,4,114,At Risk
12476.0,5,1,12.45,3,1,1,311,Potential Loyalists
12481.0,9,1,159.38,3,1,1,311,Potential Loyalists
12494.0,2,2,62.55,4,3,1,431,Loyal Customers
12540.0,5,1,881.01,3,1,4,314,Potential Loyalists
12551.0,1,1,168.0,4,1,1,411,Potential Loyalists
12557.0,15,1,620.0,1,1,4,114,At Risk
12567.0,11,2,1942.38,2,3,4,234,Loyal Customers
12577.0,3,1,195.89,4,1,2,412,Potential Loyalists
12583.0,17,1,855.86,1,1,4,114,At Risk
12600.0,1,2,274.8,4,3,2,432,Loyal Customers
12621.0,1,2,1383.65,4,3,4,434,Loyal Customers
12647.0,1,4,1193.6,4,4,4,444,Champions
12662.0,17,1,261.48,1,1,2,112,At Risk
12681.0,11,1,1033.52,2,1,4,214,Others
12682.0,9,2,1075.29,3,3,4,334,Loyal Customers
12683.0,9,2,1063.08,3,3,4,334,Loyal Customers
12686.0,15,1,89.14,1,1,1,111,At Risk
12691.0,1,1,180.0,4,1,1,411,Potential Loyalists
12705.0,1,1,858.0,4,1,4,414,Potential Loyalists
12708.0,12,1,196.44,2,1,2,212,Others
12709.0,1,2,1315.69,4,3,4,434,Loyal Customers
12712.0,9,2,470.63,3,3,3,333,Loyal Customers
12720.0,1,2,657.13,4,3,4,434,Loyal Customers
12725.0,15,1,427.8,1,1,3,113,At Risk
12726.0,1,1,170.28,4,1,1,411,Potential Loyalists
12731.0,8,1,1071.9,3,1,4,314,Potential Loyalists
12738.0,15,1,155.35,1,1,1,111,At Risk
12747.0,5,2,706.27,3,3,4,334,Loyal Customers
12748.0,1,31,4119.24,4,4,4,444,Champions
12753.0,6,1,3590.59,3,1,4,314,Potential Loyalists
12755.0,9,1,3794.4,3,1,4,314,Potential Loyalists
12763.0,13,1,320.08,1,1,3,113,At Risk
12766.0,10,1,1149.29,2,1,4,214,Others
12779.0,15,1,248.16,1,1,2,112,At Risk
12782.0,1,1,463.5,4,1,3,413,Potential Loyalists
12785.0,8,1,311.95,3,1,2,312,Potential Loyalists
12791.0,17,1,192.60000000000002,1,1,1,111,At Risk
12793.0,15,1,131.8,1,1,1,111,At Risk
12797.0,9,1,254.03,3,1,2,312,Potential Loyalists
12808.0,12,1,129.4,2,1,1,211,Others
12826.0,9,1,155.0,3,1,1,311,Potential Loyalists
12829.0,4,1,85.75,4,1,1,411,Potential Loyalists
12838.0,17,1,390.79,1,1,3,113,At Risk
12839.0,11,1,402.61,2,1,3,213,Others
12841.0,13,2,505.99,1,3,3,133,Loyal Customers
12855.0,16,1,38.1,1,1,1,111,At Risk
12867.0,4,1,362.79,4,1,3,413,Potential Loyalists
12868.0,17,1,203.3,1,1,2,112,At Risk
12872.0,9,1,378.53000000000003,3,1,3,313,Potential Loyalists
12875.0,6,1,293.76000000000005,3,1,2,312,Potential Loyalists
12877.0,2,1,150.06,4,1,1,411,Potential Loyalists
12913.0,12,1,417.62,2,1,3,213,Others
12915.0,16,1,199.65,1,1,2,112,At Risk
12921.0,10,2,687.8000000000001,2,3,4,234,Loyal Customers
12928.0,3,1,392.34000000000003,4,1,3,413,Potential Loyalists
12931.0,1,1,144.0,4,1,1,411,Potential Loyalists
12942.0,9,1,258.75,3,1,2,312,Potential Loyalists
12947.0,17,1,304.04,1,1,2,112,At Risk
12963.0,9,1,365.8,3,1,3,313,Potential Loyalists
12967.0,1,2,1660.9,4,3,4,434,Loyal Customers
12971.0,1,4,321.59000000000003,4,4,3,443,Champions
12980.0,2,1,889.32,4,1,4,414,Potential Loyalists
12989.0,8,1,202.5,3,1,2,312,Potential Loyalists
13000.0,8,1,201.75,3,1,2,312,Potential Loyalists
13004.0,1,1,357.01,4,1,3,413,Potential Loyalists
13011.0,16,1,50.550000000000004,1,1,1,111,At Risk
13013.0,15,2,1528.34,1,3,4,134,Loyal Customers
13021.0,2,1,157.35,4,1,1,411,Potential Loyalists
13030.0,12,1,427.74,2,1,3,213,Others
13033.0,1,1,190.55,4,1,1,411,Potential Loyalists
13034.0,13,1,165.86,1,1,1,111,At Risk
13047.0,17,3,366.63,1,4,3,143,Loyal Customers
13050.0,2,3,930.37,4,4,4,444,Champions
13065.0,17,1,205.86,1,1,2,112,At Risk
13069.0,5,4,644.12,3,4,4,344,Loyal Customers
13077.0,10,1,313.72,2,1,2,212,Others
13078.0,3,2,881.1600000000001,4,3,4,434,Loyal Customers
13081.0,15,2,2366.78,1,3,4,134,Loyal Customers
13089.0,2,8,5953.21,4,4,4,444,Champions
13090.0,9,3,1008.4,3,4,4,344,Loyal Customers
13092.0,3,1,185.45000000000002,4,1,1,411,Potential Loyalists
13093.0,2,3,3795.5099999999998,4,4,4,444,Champions
13094.0,12,1,223.68,2,1,2,212,Others
13097.0,4,1,304.90000000000003,4,1,2,412,Potential Loyalists
13102.0,4,2,673.92,4,3,4,434,Loyal Customers
13108.0,16,1,350.06,1,1,3,113,At Risk
13113.0,10,1,372.96999999999997,2,1,3,213,Others
13117.0,9,2,388.15,3,3,3,333,Loyal Customers
13124.0,3,1,1256.32,4,1,4,414,Potential Loyalists
13126.0,10,2,223.44,2,3,2,232,Loyal Customers
13138.0,16,1,193.23,1,1,1,111,At Risk
13140.0,10,1,159.51,2,1,1,211,Others
13145.0,15,1,295.0,1,1,2,112,At Risk
13148.0,8,1,309.40000000000003,3,1,2,312,Potential Loyalists
13155.0,12,1,379.7,2,1,3,213,Others
13173.0,11,1,165.94,2,1,1,211,Others
13174.0,13,1,1415.97,1,1,4,114,At Risk
13178.0,4,1,710.0,4,1,4,414,Potential Loyalists
13198.0,5,1,384.55,3,1,3,313,Potential Loyalists
13199.0,2,2,711.8000000000001,4,3,4,434,Loyal Customers
13209.0,5,1,318.85,3,1,2,312,Potential Loyalists
13211.0,5,1,110.7,3,1,1,311,Potential Loyalists
13221.0,3,1,498.16,4,1,3,413,Potential Loyalists
13225.0,5,1,1206.72,3,1,4,314,Potential Loyalists
13230.0,8,1,93.45,3,1,1,311,Potential Loyalists
13238.0,4,1,91.15,4,1,1,411,Potential Loyalists
13240.0,9,1,224.07,3,1,2,312,Potential Loyalists
13255.0,17,1,225.7,1,1,2,112,At Risk
13267.0,4,2,622.3,4,3,4,434,Loyal Customers
13269.0,5,2,662.1700000000001,3,3,4,334,Loyal Customers
13270.0,10,1,590.0,2,1,4,214,Others
13295.0,3,1,201.20000000000002,4,1,2,412,Potential Loyalists
13305.0,16,1,136.2,1,1,1,111,At Risk
13317.0,2,2,238.05,4,3,2,432,Loyal Customers
13319.0,9,2,759.28,3,4,4,344,Loyal Customers
13324.0,4,1,650.1,4,1,4,414,Potential Loyalists
13327.0,9,2,745.0,3,4,4,344,Loyal Customers
13329.0,10,1,304.2,2,1,2,212,Others
13369.0,9,1,308.28000000000003,3,1,2,312,Potential Loyalists
13370.0,15,1,754.87,1,1,4,114,At Risk
13402.0,16,1,308.28000000000003,1,1,2,112,At Risk
13408.0,2,5,3031.2000000000003,4,4,4,444,Champions
13418.0,3,5,1579.6200000000001,4,4,4,444,Champions
13426.0,3,1,336.98,4,1,3,413,Potential Loyalists
13448.0,8,3,829.5400000000001,3,4,4,344,Loyal Customers
13455.0,10,1,692.94,2,1,4,214,Others
13458.0,3,1,1185.8600000000001,4,1,4,414,Potential Loyalists
13468.0,2,4,911.0,4,4,4,444,Champions
13488.0,11,1,1381.92,2,1,4,214,Others
13491.0,3,2,196.4,4,4,2,442,Champions
13495.0,3,2,865.4300000000001,4,4,4,444,Champions
13496.0,3,1,501.01,4,1,3,413,Potential Loyalists
13497.0,12,1,153.5,2,1,1,211,Others
13506.0,13,1,301.12,1,1,2,112,At Risk
13520.0,15,1,303.4,1,1,2,112,At Risk
13523.0,10,1,566.95,2,1,4,214,Others
13531.0,10,1,305.45,2,1,2,212,Others
13534.0,2,2,283.2,4,4,2,442,Champions
13564.0,11,1,540.0,2,1,3,213,Others
13569.0,11,1,118.32,2,1,1,211,Others
13576.0,16,1,349.15000000000003,1,1,3,113,At Risk
13579.0,13,1,164.7,1,1,1,111,At Risk
13599.0,10,2,352.84,2,4,3,243,Loyal Customers
13611.0,3,1,303.15000000000003,4,1,2,412,Potential Loyalists
13627.0,1,1,311.19,4,1,2,412,Potential Loyalists
13649.0,10,1,197.8,2,1,2,212,Others
13652.0,12,1,308.8,2,1,2,212,Others
13668.0,6,1,177.66,3,1,1,311,Potential Loyalists
13694.0,1,2,2897.04,4,4,4,444,Champions
13705.0,17,1,318.14,1,1,2,112,At Risk
13715.0,6,3,496.63,3,4,3,343,Loyal Customers
13747.0,17,1,79.6,1,1,1,111,At Risk
13748.0,17,1,204.0,1,1,2,112,At Risk
13756.0,2,3,1004.4000000000001,4,4,4,444,Champions
13758.0,10,2,718.85,2,4,4,244,Loyal Customers
13767.0,2,6,2439.36,4,4,4,444,Champions
13769.0,11,1,322.3,2,1,3,213,Others
13777.0,10,9,6840.16,2,4,4,244,Loyal Customers
13786.0,11,1,230.4,2,1,2,212,Others
13787.0,8,1,106.4,3,1,1,311,Potential Loyalists
13798.0,8,2,4170.66,3,4,4,344,Loyal Customers
13807.0,11,1,112.6,2,1,1,211,Others
13831.0,13,1,408.0,1,1,3,113,At Risk
13838.0,13,1,238.11,1,1,2,112,At Risk
13842.0,10,1,310.57,2,1,2,212,Others
13846.0,4,1,411.40000000000003,4,1,3,413,Potential Loyalists
13848.0,10,1,320.0,2,1,3,213,Others
13854.0,1,2,609.4399999999999,4,4,4,444,Champions
13869.0,1,1,323.62,4,1,3,413,Potential Loyalists
13874.0,1,1,540.45,4,1,3,413,Potential Loyalists
13880.0,11,1,97.8,2,1,1,211,Others
13890.0,2,1,190.35000000000002,4,1,1,411,Potential Loyalists
13941.0,16,1,1095.1200000000001,1,1,4,114,At Risk
13948.0,4,1,102.0,4,1,1,411,Potential Loyalists
13959.0,6,1,214.74,3,1,2,312,Potential Loyalists
13963.0,11,1,151.3,2,1,1,211,Others
13969.0,8,1,317.59000000000003,3,1,2,312,Potential Loyalists
13982.0,9,1,428.6,3,1,3,313,Potential Loyalists
13983.0,10,1,329.36,2,1,3,213,Others
13984.0,10,1,154.8,2,1,1,211,Others
13999.0,5,1,302.1,3,1,2,312,Potential Loyalists
14001.0,17,1,301.24,1,1,2,112,At Risk
14016.0,1,1,753.74,4,1,4,414,Potential Loyalists
14030.0,10,2,676.5,2,4,4,244,Loyal Customers
14031.0,1,3,2568.95,4,4,4,444,Champions
14032.0,10,1,303.86,2,1,2,212,Others
14037.0,8,1,111.8,3,1,1,311,Potential Loyalists
14045.0,17,1,326.4,1,1,3,113,At Risk
14047.0,16,1,286.92,1,1,2,112,At Risk
14051.0,4,2,1100.1200000000001,4,4,4,444,Champions
14057.0,4,2,925.92,4,4,4,444,Champions
14060.0,3,3,874.04,4,4,4,444,Champions
14062.0,8,1,966.62,3,1,4,314,Potential Loyalists
14078.0,17,1,136.24,1,1,1,111,At Risk
14081.0,13,1,423.52,1,1,3,113,At Risk
14082.0,8,1,182.25,3,1,1,311,Potential Loyalists
14083.0,15,1,309.54,1,1,2,112,At Risk
14085.0,5,2,799.29,3,4,4,344,Loyal Customers
14092.0,2,1,250.65,4,1,2,412,Potential Loyalists
14107.0,8,1,363.24,3,1,3,313,Potential Loyalists
14135.0,11,2,804.25,2,4,4,244,Loyal Customers
14142.0,17,1,311.81,1,1,2,112,At Risk
14146.0,1,1,1241.43,4,1,4,414,Potential Loyalists
14150.0,3,1,306.18,4,1,2,412,Potential Loyalists
14156.0,15,1,322.2,1,1,3,113,At Risk
14159.0,6,1,193.22,3,1,1,311,Potential Loyalists
14161.0,13,1,283.15,1,1,2,112,At Risk
14176.0,11,1,159.55,2,1,1,211,Others
14180.0,1,4,896.25,4,4,4,444,Champions
14189.0,12,1,311.24,2,1,2,212,Others
14201.0,3,1,67.24,4,1,1,411,Potential Loyalists
14210.0,15,1,304.95000000000005,1,1,2,112,At Risk
14215.0,12,1,166.0,2,1,1,211,Others
14217.0,10,1,118.3,2,1,1,211,Others
14220.0,1,1,312.98,4,1,2,412,Potential Loyalists
14236.0,15,1,189.3,1,1,1,111,At Risk
14237.0,17,1,161.0,1,1,1,111,At Risk
14243.0,1,2,472.00000000000006,4,4,3,443,Champions
14256.0,8,1,523.86,3,1,3,313,Potential Loyalists
14282.0,11,1,571.0,2,1,4,214,Others
14290.0,5,1,777.5600000000001,3,1,4,314,Potential Loyalists
14293.0,12,1,364.92,2,1,3,213,Others
14298.0,4,3,2973.06,4,4,4,444,Champions
14299.0,9,1,429.24,3,1,3,313,Potential Loyalists
14307.0,17,1,783.11,1,1,4,114,At Risk
14309.0,2,1,147.75,4,1,1,411,Potential Loyalists
14334.0,1,1,320.15,4,1,3,413,Potential Loyalists
14344.0,1,3,355.65000000000003,4,4,3,443,Champions
14355.0,9,1,174.4,3,1,1,311,Potential Loyalists
14373.0,2,1,76.55,4,1,1,411,Potential Loyalists
14388.0,16,1,312.8,1,1,2,112,At Risk
14390.0,16,1,223.7,1,1,2,112,At Risk
14395.0,15,1,308.68,1,1,2,112,At Risk
14396.0,15,1,110.35000000000001,1,1,1,111,At Risk
14401.0,3,1,247.38,4,1,2,412,Potential Loyalists
14404.0,13,1,133.48,1,1,1,111,At Risk
14409.0,12,2,328.80000000000007,2,4,3,243,Loyal Customers
14413.0,6,1,122.7,3,1,1,311,Potential Loyalists
14414.0,2,1,217.2,4,1,2,412,Potential Loyalists
14415.0,4,1,875.18,4,1,4,414,Potential Loyalists
14419.0,8,1,124.1,3,1,1,311,Potential Loyalists
14437.0,9,1,63.0,3,1,1,311,Potential Loyalists
14440.0,9,1,656.7,3,1,4,314,Potential Loyalists
14443.0,12,1,303.5,2,1,2,212,Others
14448.0,7,1,102.35000000000001,3,1,1,311,Potential Loyalists
14449.0,16,1,210.24,1,1,2,112,At Risk
14466.0,16,1,379.75,1,1,3,113,At Risk
14479.0,9,1,174.4,3,1,1,311,Potential Loyalists
14487.0,12,1,125.10000000000001,2,1,1,211,Others
14491.0,16,1,127.2,1,1,1,111,At Risk
14496.0,17,1,304.34000000000003,1,1,2,112,At Risk
14498.0,5,1,166.22,3,1,1,311,Potential Loyalists
14505.0,6,1,1050.35,3,1,4,314,Potential Loyalists
14506.0,13,1,269.7,1,1,2,112,At Risk
14524.0,4,1,275.45,4,1,2,412,Potential Loyalists
14525.0,4,1,462.3,4,1,3,413,Potential Loyalists
14527.0,3,3,786.64,4,4,4,444,Champions
14543.0,8,1,254.4,3,1,2,312,Potential Loyalists
14544.0,5,1,1121.92,3,1,4,314,Potential Loyalists
14560.0,1,1,408.16999999999996,4,1,3,413,Potential Loyalists
14565.0,5,1,1167.41,3,1,4,314,Potential Loyalists
14573.0,15,1,413.1,1,1,3,113,At Risk
14576.0,15,1,35.400000000000006,1,1,1,111,At Risk
14577.0,6,1,346.90000000000003,3,1,3,313,Potential Loyalists
14589.0,15,1,39.75,1,1,1,111,At Risk
14594.0,17,1,255.0,1,2,2,122,At Risk
14606.0,2,6,1028.15,4,4,4,444,Champions
14608.0,6,1,204.0,3,2,2,322,Potential Loyalists
14621.0,2,1,305.7,4,2,2,422,Potential Loyalists
14625.0,5,1,585.53,3,2,4,324,Potential Loyalists
14639.0,5,1,676.54,3,2,4,324,Potential Loyalists
14643.0,1,1,357.94,4,2,3,423,Potential Loyalists
14667.0,4,5,1998.1000000000001,4,4,4,444,Champions
14673.0,11,1,373.49,2,2,3,223,Others
14680.0,4,2,2875.4,4,4,4,444,Champions
14684.0,6,1,168.35999999999999,3,2,1,321,Potential Loyalists
14688.0,17,1,444.98,1,2,3,123,At Risk
14696.0,17,1,294.62,1,2,2,122,At Risk
14702.0,8,1,318.7,3,2,2,322,Potential Loyalists
14708.0,12,1,419.06,2,2,3,223,Others
14709.0,2,1,314.1,4,2,2,422,Potential Loyalists
14713.0,1,2,425.85,4,4,3,443,Champions
14723.0,1,3,471.0,4,4,3,443,Champions
14729.0,17,1,313.49,1,2,2,122,At Risk
14733.0,5,2,3525.14,3,4,4,344,Loyal Customers
14735.0,2,1,252.20000000000002,4,2,2,422,Potential Loyalists
14739.0,11,1,713.88,2,2,4,224,Others
14741.0,5,2,495.3,3,4,3,343,Loyal Customers
14744.0,10,1,225.0,2,2,2,222,Others
14748.0,12,2,470.42,2,4,3,243,Loyal Customers
14766.0,10,1,180.4,2,2,1,221,Others
14769.0,1,1,347.01,4,2,3,423,Potential Loyalists
14775.0,16,1,406.56,1,2,3,123,At Risk
14796.0,5,2,1028.82,3,4,4,344,Loyal Customers
14800.0,6,2,1219.85,3,4,4,344,Loyal Customers
14810.0,13,1,180.44,1,2,1,121,At Risk
14813.0,13,2,155.43,1,4,1,141,Loyal Customers
14821.0,10,1,48.800000000000004,2,2,1,221,Others
14825.0,2,2,396.43,4,4,3,443,Champions
14829.0,4,2,385.33,4,4,3,443,Champions
14841.0,2,1,395.16,4,2,3,423,Potential Loyalists
14849.0,2,5,566.89,4,4,4,444,Champions
14865.0,15,1,37.2,1,2,1,121,At Risk
14866.0,10,1,103.68,2,2,1,221,Others
14871.0,4,1,140.4,4,2,1,421,Potential Loyalists
14878.0,2,1,322.01,4,2,3,423,Potential Loyalists
14896.0,9,1,257.22,3,2,2,322,Potential Loyalists
14898.0,15,1,98.5,1,2,1,121,At Risk
14901.0,4,3,497.05,4,4,3,443,Champions
14907.0,4,3,960.69,4,4,4,444,Champions
14911.0,1,10,6274.6900000000005,4,4,4,444,Champions
14913.0,3,1,300.87,4,2,2,422,Potential Loyalists
14932.0,9,1,363.53,3,2,3,323,Potential Loyalists
14952.0,8,1,686.1600000000001,3,2,4,324,Potential Loyalists
14961.0,4,2,1182.7,4,4,4,444,Champions
14985.0,1,1,124.51,4,2,1,421,Potential Loyalists
14987.0,9,1,163.2,3,2,1,321,Potential Loyalists
15002.0,11,1,631.65,2,2,4,224,Others
15005.0,3,2,470.40999999999997,4,4,3,443,Champions
15012.0,17,1,191.06,1,2,1,121,At Risk
15018.0,11,1,111.25,2,2,1,221,Others
15021.0,10,1,205.64000000000001,2,2,2,222,Others
15023.0,13,1,460.6,1,2,3,123,At Risk
15024.0,11,2,491.22,2,4,3,243,Loyal Customers
15028.0,12,1,185.97,2,2,1,221,Others
15032.0,10,2,2770.6,2,4,4,244,Loyal Customers
15038.0,13,1,126.42999999999999,1,2,1,121,At Risk
15039.0,4,2,1317.76,4,4,4,444,Champions
15044.0,6,1,835.95,3,2,4,324,Potential Loyalists
15048.0,12,1,98.7,2,2,1,221,Others
15061.0,3,12,19950.66,4,4,4,444,Champions
15062.0,3,1,209.08,4,2,2,422,Potential Loyalists
15070.0,16,1,106.2,1,2,1,121,At Risk
15078.0,12,2,475.15000000000003,2,4,3,243,Loyal Customers
15079.0,9,1,141.95,3,2,1,321,Potential Loyalists
15081.0,11,1,111.15,2,2,1,221,Others
15093.0,15,1,623.73,1,2,4,124,At Risk
15100.0,10,2,700.8,2,4,4,244,Loyal Customers
15101.0,3,1,102.28,4,2,1,421,Potential Loyalists
15107.0,4,2,177.05,4,4,1,441,Champions
15111.0,16,1,288.5,1,2,2,122,At Risk
15157.0,2,1,1085.46,4,2,4,424,Potential Loyalists
15159.0,5,2,1860.98,3,4,4,344,Loyal Customers
15160.0,1,1,158.16,4,2,1,421,Potential Loyalists
15165.0,17,1,487.75,1,2,3,123,At Risk
15180.0,11,1,87.5,2,2,1,221,Others
15192.0,9,1,315.0,3,2,2,322,Potential Loyalists
15194.0,2,3,1558.99,4,4,4,444,Champions
15197.0,1,1,556.5,4,2,3,423,Potential Loyalists
15204.0,1,1,316.58,4,2,2,422,Potential Loyalists
15211.0,9,1,383.07,3,2,3,323,Potential Loyalists
15221.0,10,1,403.25,2,2,3,223,Others
15224.0,2,2,322.08,4,4,3,443,Champions
15235.0,13,2,165.05,1,4,1,141,Loyal Customers
15246.0,2,1,186.0,4,2,1,421,Potential Loyalists
15260.0,16,2,420.5,1,4,3,143,Loyal Customers
15271.0,9,1,111.75,3,2,1,321,Potential Loyalists
15288.0,9,1,165.65,3,2,1,321,Potential Loyalists
15290.0,3,1,219.6,4,2,2,422,Potential Loyalists
15291.0,1,2,648.9,4,4,4,444,Champions
15298.0,10,1,397.6,2,2,3,223,Others
15299.0,16,3,1835.01,1,4,4,144,Loyal Customers
15301.0,12,1,673.37,2,2,4,224,Others
15304.0,12,1,123.15,2,2,1,221,Others
15311.0,2,7,2285.91,4,4,4,444,Champions
15332.0,10,4,1661.06,2,4,4,244,Loyal Customers
15347.0,10,1,201.60000000000002,2,2,2,222,Others
15350.0,17,1,115.65,1,2,1,121,At Risk
15351.0,13,1,274.67,1,2,2,122,At Risk
15353.0,11,1,311.65,2,2,2,222,Others
15356.0,4,2,365.54,4,4,3,443,Champions
15358.0,9,2,624.55,3,4,4,344,Loyal Customers
15361.0,5,1,418.92,3,2,3,323,Potential Loyalists
15363.0,16,1,326.0,1,2,3,123,At Risk
15366.0,2,1,105.54,4,2,1,421,Potential Loyalists
15373.0,3,2,537.1,4,4,3,443,Champions
15379.0,2,1,1491.46,4,2,4,424,Potential Loyalists
15380.0,9,1,230.1,3,2,2,322,Potential Loyalists
15384.0,3,1,303.57,4,2,2,422,Potential Loyalists
15392.0,4,1,338.98,4,2,3,423,Potential Loyalists
15394.0,2,1,587.66,4,2,4,424,Potential Loyalists
15426.0,13,1,411.42,1,2,3,123,At Risk
15454.0,6,1,179.1,3,2,1,321,Potential Loyalists
15456.0,3,1,243.22,4,2,2,422,Potential Loyalists
15465.0,3,2,867.85,4,4,4,444,Champions
15482.0,2,2,723.64,4,4,4,444,Champions
15485.0,17,1,950.09,1,2,4,124,At Risk
15498.0,10,2,976.72,2,4,4,244,Loyal Customers
15502.0,12,3,929.4,2,4,4,244,Loyal Customers
15503.0,6,1,147.09,3,2,1,321,Potential Loyalists
15512.0,3,1,101.2,4,2,1,421,Potential Loyalists
15513.0,9,2,1313.5,3,4,4,344,Loyal Customers
15514.0,4,4,1884.71,4,4,4,444,Champions
15525.0,17,1,313.93,1,2,2,122,At Risk
15529.0,8,2,321.46,3,4,3,343,Loyal Customers
15532.0,2,1,356.35,4,2,3,423,Potential Loyalists
15544.0,16,1,354.54,1,2,3,123,At Risk
15545.0,14,1,135.32999999999998,1,2,1,121,At Risk
15547.0,6,1,767.37,3,2,4,324,Potential Loyalists
15555.0,5,3,989.82,3,4,4,344,Loyal Customers
15563.0,2,1,270.19,4,2,2,422,Potential Loyalists
15570.0,1,3,1064.64,4,4,4,444,Champions
15574.0,2,3,590.15,4,4,4,444,Champions
15581.0,10,1,272.34000000000003,2,2,2,222,Others
15596.0,9,1,402.32,3,2,3,323,Potential Loyalists
15601.0,2,2,1236.45,4,4,4,444,Champions
15602.0,4,2,152.55,4,4,1,441,Champions
15605.0,17,1,194.85,1,2,1,121,At Risk
15615.0,3,3,1081.19,4,4,4,444,Champions
15620.0,2,1,424.49,4,2,3,423,Potential Loyalists
15628.0,10,1,319.18,2,2,3,223,Others
15640.0,5,2,1819.5,3,4,4,344,Loyal Customers
15641.0,3,1,308.37,4,2,2,422,Potential Loyalists
15646.0,16,1,189.8,1,2,1,121,At Risk
15649.0,11,1,510.0,2,2,3,223,Others
15658.0,16,1,306.2,1,2,2,122,At Risk
15660.0,9,1,209.3,3,2,2,322,Potential Loyalists
15680.0,10,1,478.89,2,2,3,223,Others
15689.0,5,1,103.5,3,2,1,321,Potential Loyalists
15694.0,4,3,847.3299999999999,4,4,4,444,Champions
15708.0,13,1,350.68,1,2,3,123,At Risk
15713.0,10,1,171.15,2,2,1,221,Others
15716.0,13,1,547.1,1,2,3,123,At Risk
15723.0,8,1,203.10000000000002,3,2,2,322,Potential Loyalists
15727.0,3,1,1536.85,4,2,4,424,Potential Loyalists
15732.0,16,1,138.1,1,2,1,121,At Risk
15738.0,16,1,329.65,1,2,3,123,At Risk
15750.0,10,2,340.52,2,4,3,243,Loyal Customers
15752.0,16,1,259.65000000000003,1,2,2,122,At Risk
15759.0,2,1,97.24000000000001,4,2,1,421,Potential Loyalists
15769.0,15,1,91.8,1,2,1,121,At Risk
15777.0,5,1,365.55,3,2,3,323,Potential Loyalists
15780.0,1,1,177.15,4,2,1,421,Potential Loyalists
15789.0,2,1,351.3,4,2,3,423,Potential Loyalists
15805.0,8,1,370.8,3,2,3,323,Potential Loyalists
15808.0,5,2,2249.85,3,4,4,344,Loyal Customers
15811.0,1,2,438.8,4,4,3,443,Champions
15822.0,3,1,440.2,4,2,3,423,Potential Loyalists
15823.0,16,1,15.0,1,2,1,121,At Risk
15827.0,16,2,190.93,1,4,1,141,Loyal Customers
15838.0,11,1,957.5,2,2,4,224,Others
15854.0,5,1,230.1,3,2,2,322,Potential Loyalists
15856.0,1,2,2312.54,4,4,4,444,Champions
15858.0,11,1,383.93,2,2,3,223,Others
15860.0,12,1,102.66,2,2,1,221,Others
15862.0,17,1,354.23,1,2,3,123,At Risk
15867.0,5,2,314.3,3,4,2,342,Loyal Customers
15880.0,13,1,343.28,1,2,3,123,At Risk
15881.0,5,2,155.25,3,4,1,341,Loyal Customers
15882.0,12,2,371.32000000000005,2,4,3,243,Loyal Customers
15889.0,13,1,297.92,1,2,2,122,At Risk
15894.0,13,1,156.74,1,2,1,121,At Risk
15898.0,11,2,521.69,2,4,3,243,Loyal Customers
15899.0,12,1,56.25,2,2,1,221,Others
15916.0,10,2,232.45,2,4,2,242,Loyal Customers
15919.0,12,1,270.72,2,2,2,222,Others
15922.0,17,1,369.5,1,2,3,123,At Risk
15923.0,16,1,127.08,1,2,1,121,At Risk
15945.0,9,1,181.0,3,2,1,321,Potential Loyalists
15950.0,3,1,428.82,4,2,3,423,Potential Loyalists
15953.0,13,1,209.84,1,2,2,122,At Risk
15955.0,16,1,572.38,1,2,4,124,At Risk
15965.0,11,1,156.19,2,2,1,221,Others
15973.0,10,1,307.82000000000005,2,2,2,222,Others
15983.0,4,3,1148.27,4,4,4,444,Champions
15984.0,12,1,122.7,2,2,1,221,Others
15987.0,12,1,113.48,2,2,1,221,Others
15996.0,10,1,263.25,2,2,2,222,Others
15998.0,6,1,863.39,3,2,4,324,Potential Loyalists
16003.0,3,1,1181.0,4,2,4,424,Potential Loyalists
16010.0,6,1,110.1,3,2,1,321,Potential Loyalists
16011.0,6,2,406.1,3,4,3,343,Loyal Customers
16013.0,1,5,2973.0,4,4,4,444,Champions
16016.0,10,1,382.27,2,2,3,223,Others
16019.0,8,1,219.1,3,2,2,322,Potential Loyalists
16029.0,2,5,12633.12,4,4,4,444,Champions
16033.0,4,2,309.69,4,4,2,442,Champions
16037.0,2,1,300.46,4,2,2,422,Potential Loyalists
16048.0,17,2,256.44,1,4,2,142,Loyal Customers
16059.0,11,1,118.25,2,2,1,221,Others
16062.0,8,1,247.56,3,2,2,322,Potential Loyalists
16065.0,9,1,372.09,3,2,3,323,Potential Loyalists
16081.0,10,1,157.6,2,2,1,221,Others
16083.0,4,1,337.98,4,2,3,423,Potential Loyalists
16086.0,11,1,177.26,2,2,1,221,Others
16098.0,17,1,430.6,1,2,3,123,At Risk
16122.0,10,1,105.72,2,2,1,221,Others
16125.0,11,1,289.35,2,2,2,222,Others
16134.0,3,1,283.53000000000003,4,2,2,422,Potential Loyalists
16140.0,15,1,124.14,1,2,1,121,At Risk
16143.0,13,1,355.75,1,2,3,123,At Risk
16145.0,3,1,302.78,4,2,2,422,Potential Loyalists
16150.0,15,1,393.42,1,2,3,123,At Risk
16161.0,3,3,576.3,4,4,4,444,Champions
16163.0,9,1,441.6,3,2,3,323,Potential Loyalists
16168.0,13,1,275.8,1,2,2,122,At Risk
16186.0,16,1,307.68,1,2,2,122,At Risk
16191.0,4,2,627.5999999999999,4,4,4,444,Champions
16202.0,4,1,365.27,4,2,3,423,Potential Loyalists
16203.0,16,1,170.7,1,2,1,121,At Risk
16210.0,2,4,7000.64,4,4,4,444,Champions
16218.0,17,1,471.3,1,2,3,123,At Risk
16221.0,11,1,166.74,2,2,1,221,Others
16233.0,10,1,147.39999999999998,2,2,1,221,Others
16241.0,13,1,277.65000000000003,1,2,2,122,At Risk
16244.0,16,1,1056.63,1,2,4,124,At Risk
16250.0,17,1,226.14000000000001,1,2,2,122,At Risk
16255.0,9,1,374.25,3,2,3,323,Potential Loyalists
16265.0,8,2,840.8100000000001,3,4,4,344,Loyal Customers
16271.0,2,1,133.22,4,2,1,421,Potential Loyalists
16274.0,17,1,357.95,1,2,3,123,At Risk
16293.0,11,1,378.75,2,2,3,223,Others
16306.0,11,1,68.1,2,2,1,221,Others
16316.0,2,1,308.22,4,2,2,422,Potential Loyalists
16327.0,13,1,535.6,1,2,3,123,At Risk
16353.0,1,3,408.0,4,4,3,443,Champions
16365.0,3,2,368.46,4,4,3,443,Champions
16367.0,6,1,170.91,3,2,1,321,Potential Loyalists
16385.0,10,1,148.23000000000002,2,2,1,221,Others
16393.0,6,2,291.55,3,4,2,342,Loyal Customers
16402.0,13,1,211.8,1,2,2,122,At Risk
16411.0,13,1,131.5,1,2,1,121,At Risk
16422.0,4,2,1685.6000000000001,4,4,4,444,Champions
16442.0,4,1,151.66,4,2,1,421,Potential Loyalists
16455.0,5,3,531.98,3,4,3,343,Loyal Customers
16456.0,17,1,787.4,1,2,4,124,At Risk
16458.0,4,1,193.9,4,2,1,421,Potential Loyalists
16470.0,2,1,216.34,4,2,2,422,Potential Loyalists
16477.0,15,1,225.65,1,2,2,122,At Risk
16499.0,4,2,365.45,4,4,3,443,Champions
16503.0,4,1,488.09000000000003,4,2,3,423,Potential Loyalists
16510.0,16,1,248.1,1,2,2,122,At Risk
16519.0,9,1,103.7,3,2,1,321,Potential Loyalists
16520.0,9,1,325.76,3,2,3,323,Potential Loyalists
16525.0,2,2,802.44,4,4,4,444,Champions
16531.0,4,1,92.82,4,2,1,421,Potential Loyalists
16539.0,2,2,747.25,4,4,4,444,Champions
16546.0,16,1,299.40000000000003,1,2,2,122,At Risk
16550.0,12,1,554.66,2,2,3,223,Others
16552.0,17,1,95.28999999999999,1,2,1,121,At Risk
16553.0,4,2,1609.44,4,4,4,444,Champions
16556.0,4,1,310.85,4,2,2,422,Potential Loyalists
16558.0,1,2,880.5500000000001,4,4,4,444,Champions
16560.0,2,1,332.18,4,2,3,423,Potential Loyalists
16565.0,8,1,173.7,3,2,1,321,Potential Loyalists
16583.0,17,1,233.45,1,2,2,122,At Risk
16596.0,10,1,120.65,2,2,1,221,Others
16607.0,1,2,654.8199999999999,4,4,4,444,Champions
16634.0,15,1,164.8,1,2,1,121,At Risk
16638.0,3,2,70.80000000000001,4,4,1,441,Champions
16654.0,12,1,227.4,2,2,2,222,Others
16656.0,8,1,428.76,3,2,3,323,Potential Loyalists
16658.0,12,1,123.24,2,2,1,221,Others
16665.0,6,1,135.4,3,2,1,321,Potential Loyalists
16670.0,2,1,403.61,4,2,3,423,Potential Loyalists
16679.0,10,1,129.75,2,2,1,221,Others
16684.0,1,2,739.26,4,4,4,444,Champions
16700.0,10,1,336.94,2,2,3,223,Others
16701.0,5,1,476.76,3,2,3,323,Potential Loyalists
16705.0,2,2,1131.72,4,4,4,444,Champions
16710.0,4,2,524.97,4,4,3,443,Champions
16711.0,1,1,214.2,4,2,2,422,Potential Loyalists
16713.0,10,1,414.43,2,3,3,233,Loyal Customers
16717.0,10,1,307.25,2,3,2,232,Loyal Customers
16718.0,13,1,623.75,1,3,4,134,Loyal Customers
16719.0,12,1,430.73,2,3,3,233,Loyal Customers
16722.0,10,2,799.52,2,4,4,244,Loyal Customers
16725.0,3,3,327.2,4,4,3,443,Champions
16726.0,5,1,129.57,3,3,1,331,Loyal Customers
16727.0,8,1,272.82,3,3,2,332,Loyal Customers
16743.0,2,1,430.28000000000003,4,3,3,433,Loyal Customers
16746.0,2,1,311.64,4,3,2,432,Loyal Customers
16752.0,16,1,207.5,1,3,2,132,Loyal Customers
16754.0,15,1,2002.4,1,3,4,134,Loyal Customers
16770.0,2,2,262.20000000000005,4,4,2,442,Champions
16775.0,11,1,231.9,2,3,2,232,Loyal Customers
16779.0,6,2,687.83,3,4,4,344,Loyal Customers
16781.0,16,1,311.25,1,3,2,132,Loyal Customers
16782.0,3,2,577.99,4,4,4,444,Champions
16795.0,9,1,414.88,3,3,3,333,Loyal Customers
16805.0,4,1,214.76999999999998,4,3,2,432,Loyal Customers
16812.0,4,1,479.35,4,3,3,433,Loyal Customers
16814.0,13,1,273.29,1,3,2,132,Loyal Customers
16816.0,2,1,75.78,4,3,1,431,Loyal Customers
16817.0,3,2,367.3,4,4,3,443,Champions
16835.0,17,1,81.75,1,3,1,131,Loyal Customers
16839.0,13,1,552.24,1,3,3,133,Loyal Customers
16858.0,12,1,375.69000000000005,2,3,3,233,Loyal Customers
16863.0,10,1,164.25,2,3,1,231,Loyal Customers
16873.0,8,1,2157.64,3,3,4,334,Loyal Customers
16883.0,15,1,128.03,1,3,1,131,Loyal Customers
16885.0,1,1,176.79999999999998,4,3,1,431,Loyal Customers
16891.0,15,1,232.26,1,3,2,132,Loyal Customers
16893.0,10,1,145.93,2,3,1,231,Loyal Customers
16898.0,12,1,116.08,2,3,1,231,Loyal Customers
16899.0,4,1,170.55,4,3,1,431,Loyal Customers
16904.0,11,2,338.7,2,4,3,243,Loyal Customers
16905.0,15,1,254.4,1,3,2,132,Loyal Customers
16907.0,9,1,182.01999999999998,3,3,1,331,Loyal Customers
16916.0,16,1,198.08,1,3,2,132,Loyal Customers
16919.0,4,2,540.01,4,4,3,443,Champions
16923.0,6,1,550.5,3,3,3,333,Loyal Customers
16926.0,15,1,230.25,1,3,2,132,Loyal Customers
16927.0,5,1,218.1,3,3,2,332,Loyal Customers
16928.0,17,1,116.25,1,3,1,131,Loyal Customers
16931.0,1,2,364.66,4,4,3,443,Champions
16945.0,1,1,279.85,4,3,2,432,Loyal Customers
16950.0,11,1,172.0,2,3,1,231,Loyal Customers
16954.0,3,1,346.8,4,3,3,433,Loyal Customers
16955.0,12,2,189.1,2,4,1,241,Loyal Customers
16983.0,13,1,163.49,1,3,1,131,Loyal Customers
16985.0,2,1,933.32,4,3,4,434,Loyal Customers
17001.0,2,1,397.96,4,3,3,433,Loyal Customers
17007.0,1,2,207.12,4,4,2,442,Champions
17017.0,4,5,2357.64,4,4,4,444,Champions
17019.0,12,1,358.82,2,3,3,233,Loyal Customers
17025.0,17,2,160.97,1,4,1,141,Loyal Customers
17026.0,13,1,33.15,1,3,1,131,Loyal Customers
17033.0,3,1,307.8,4,3,2,432,Loyal Customers
17041.0,4,1,304.5,4,3,2,432,Loyal Customers
17059.0,13,1,722.36,1,3,4,134,Loyal Customers
17062.0,2,3,435.73,4,4,3,443,Champions
17068.0,2,2,297.45,4,4,2,442,Champions
17069.0,17,1,277.05,1,3,2,132,Loyal Customers
17076.0,8,1,151.5,3,3,1,331,Loyal Customers
17085.0,6,1,452.99,3,3,3,333,Loyal Customers
17091.0,11,1,293.45000000000005,2,3,2,232,Loyal Customers
17097.0,9,1,174.72,3,3,1,331,Loyal Customers
17126.0,6,1,212.6,3,3,2,332,Loyal Customers
17135.0,15,1,215.57999999999998,1,3,2,132,Loyal Customers
17146.0,2,1,298.25,4,3,2,432,Loyal Customers
17158.0,4,1,413.79,4,3,3,433,Loyal Customers
17179.0,5,1,243.0,3,3,2,332,Loyal Customers
17181.0,17,1,155.52,1,3,1,131,Loyal Customers
17188.0,6,1,513.64,3,3,3,333,Loyal Customers
17189.0,2,1,227.22,4,3,2,432,Loyal Customers
17191.0,12,3,510.11,2,4,3,243,Loyal Customers
17194.0,4,1,252.62,4,3,2,432,Loyal Customers
17198.0,9,2,521.66,3,4,3,343,Loyal Customers
17211.0,6,2,597.52,3,4,4,344,Loyal Customers
17213.0,10,1,312.90000000000003,2,3,2,232,Loyal Customers
17214.0,3,1,171.05,4,3,1,431,Loyal Customers
17218.0,6,2,506.78,3,4,3,343,Loyal Customers
17220.0,8,1,317.5,3,3,2,332,Loyal Customers
17223.0,12,1,292.84000000000003,2,3,2,232,Loyal Customers
17227.0,12,1,142.25,2,3,1,231,Loyal Customers
17228.0,11,2,355.95,2,4,3,243,Loyal Customers
17230.0,3,1,1761.26,4,3,4,434,Loyal Customers
17231.0,5,1,232.01,3,3,2,332,Loyal Customers
17235.0,16,1,341.90000000000003,1,3,3,133,Loyal Customers
17236.0,6,1,126.28,3,3,1,331,Loyal Customers
17238.0,15,2,370.09000000000003,1,4,3,143,Loyal Customers
17243.0,6,2,595.5,3,4,4,344,Loyal Customers
17251.0,6,1,283.28000000000003,3,3,2,332,Loyal Customers
17259.0,12,1,381.64,2,3,3,233,Loyal Customers
17262.0,10,1,268.86,2,3,2,232,Loyal Customers
17287.0,11,2,222.7,2,4,2,242,Loyal Customers
17288.0,2,1,133.56,4,3,1,431,Loyal Customers
17293.0,5,1,346.14,3,3,3,333,Loyal Customers
17303.0,5,1,250.04,3,3,2,332,Loyal Customers
17315.0,1,1,108.92,4,3,1,431,Loyal Customers
17320.0,12,1,450.92,2,3,3,233,Loyal Customers
17324.0,10,1,127.05000000000001,2,3,1,231,Loyal Customers
17338.0,5,1,767.6,3,3,4,334,Loyal Customers
17339.0,9,1,60.0,3,3,1,331,Loyal Customers
17340.0,10,1,2671.27,2,3,4,234,Loyal Customers
17341.0,10,1,513.6,2,3,3,233,Loyal Customers
17346.0,3,2,247.84,4,4,2,442,Champions
17371.0,5,1,97.63,3,3,1,331,Loyal Customers
17372.0,4,2,370.78000000000003,4,4,3,443,Champions
17375.0,5,1,109.71000000000001,3,3,1,331,Loyal Customers
17377.0,1,3,785.08,4,4,4,444,Champions
17381.0,12,3,3603.7200000000003,2,4,4,244,Loyal Customers
17392.0,1,1,312.41,4,3,2,432,Loyal Customers
17396.0,15,1,397.5,1,3,3,133,Loyal Customers
17402.0,13,2,459.96999999999997,1,4,3,143,Loyal Customers
17404.0,1,2,3834.3,4,4,4,444,Champions
17406.0,10,1,702.1,2,3,4,234,Loyal Customers
17412.0,1,2,447.76,4,4,3,443,Champions
17419.0,11,2,374.27,2,4,3,243,Loyal Customers
17420.0,17,1,130.85,1,3,1,131,Loyal Customers
17428.0,5,2,893.95,3,4,4,344,Loyal Customers
17430.0,9,1,112.6,3,3,1,331,Loyal Customers
17449.0,3,1,684.26,4,3,4,434,Loyal Customers
17450.0,11,2,2028.8400000000001,2,4,4,244,Loyal Customers
17454.0,3,1,165.85,4,3,1,431,Loyal Customers
17456.0,9,1,249.86,3,3,2,332,Loyal Customers
17460.0,16,2,70.30000000000001,1,4,1,141,Loyal Customers
17470.0,11,1,178.4,2,3,1,231,Loyal Customers
17491.0,11,1,327.4,2,3,3,233,Loyal Customers
17496.0,2,1,271.05,4,3,2,432,Loyal Customers
17511.0,3,3,6711.08,4,4,4,444,Champions
17519.0,12,1,335.3,2,3,3,233,Loyal Customers
17524.0,5,1,145.0,3,3,1,331,Loyal Customers
17525.0,3,1,422.7,4,3,3,433,Loyal Customers
17526.0,4,2,238.6,4,4,2,442,Champions
17530.0,8,1,300.64,3,3,2,332,Loyal Customers
17551.0,3,1,306.84,4,3,2,432,Loyal Customers
17552.0,15,2,298.52,1,4,2,142,Loyal Customers
17567.0,16,1,517.95,1,3,3,133,Loyal Customers
17572.0,17,1,70.80000000000001,1,3,1,131,Loyal Customers
17576.0,5,2,297.0,3,4,2,342,Loyal Customers
17580.0,2,1,46.85,4,3,1,431,Loyal Customers
17581.0,16,2,786.78,1,4,4,144,Loyal Customers
17591.0,11,1,406.6,2,3,3,233,Loyal Customers
17596.0,12,1,392.62,2,3,3,233,Loyal Customers
17611.0,5,1,244.19,3,3,2,332,Loyal Customers
17616.0,11,1,326.4,2,3,3,233,Loyal Customers
17618.0,6,1,320.28,3,3,3,333,Loyal Customers
17629.0,3,1,238.65,4,3,2,432,Loyal Customers
17643.0,17,1,101.55,1,3,1,131,Loyal Customers
17646.0,9,1,251.0,3,3,2,332,Loyal Customers
17655.0,10,1,676.1,2,3,4,234,Loyal Customers
17659.0,1,2,359.95,4,4,3,443,Champions
17671.0,9,1,394.18,3,3,3,333,Loyal Customers
17674.0,12,1,300.66,2,3,2,232,Loyal Customers
17675.0,8,2,1019.12,3,4,4,344,Loyal Customers
17676.0,10,1,300.7,2,3,2,232,Loyal Customers
17677.0,10,4,1616.6,2,4,4,244,Loyal Customers
17682.0,12,1,391.5,2,3,3,233,Loyal Customers
17685.0,4,2,463.02,4,4,3,443,Champions
17690.0,8,4,687.9,3,4,4,344,Loyal Customers
17691.0,2,2,290.40000000000003,4,4,2,442,Champions
17692.0,3,1,343.26,4,3,3,433,Loyal Customers
17696.0,8,2,175.6,3,4,1,341,Loyal Customers
17706.0,10,3,477.83,2,4,3,243,Loyal Customers
17720.0,11,1,102.0,2,3,1,231,Loyal Customers
17722.0,10,1,910.14,2,3,4,234,Loyal Customers
17732.0,16,1,303.97,1,3,2,132,Loyal Customers
17735.0,11,1,454.6,2,3,3,233,Loyal Customers
17739.0,4,1,360.06,4,3,3,433,Loyal Customers
17744.0,2,1,377.52,4,3,3,433,Loyal Customers
17752.0,3,1,80.64,4,3,1,431,Loyal Customers
17757.0,4,4,565.8,4,4,4,444,Champions
17760.0,17,1,172.54,1,3,1,131,Loyal Customers
17787.0,15,1,736.28,1,3,4,134,Loyal Customers
17790.0,1,5,399.55,4,4,3,443,Champions
17796.0,13,1,114.65,1,3,1,131,Loyal Customers
17799.0,5,1,223.48,3,3,2,332,Loyal Customers
17802.0,16,1,100.2,1,3,1,131,Loyal Customers
17809.0,15,3,1251.5,1,4,4,144,Loyal Customers
17812.0,12,1,217.54999999999998,2,3,2,232,Loyal Customers
17816.0,9,1,16.21,3,3,1,331,Loyal Customers
17819.0,6,2,980.12,3,4,4,344,Loyal Customers
17827.0,8,3,1271.8,3,4,4,344,Loyal Customers
17838.0,9,2,935.5600000000001,3,4,4,344,Loyal Customers
17841.0,4,5,2189.55,4,4,4,444,Champions
17848.0,1,1,97.3,4,3,1,431,Loyal Customers
17850.0,16,34,5391.21,1,4,4,144,Loyal Customers
17855.0,16,1,208.97,1,3,2,132,Loyal Customers
17857.0,2,2,1340.7,4,4,4,444,Champions
17858.0,3,2,1556.85,4,4,4,444,Champions
17860.0,12,1,252.8,2,3,2,232,Loyal Customers
17863.0,13,1,384.71999999999997,1,3,3,133,Loyal Customers
17865.0,1,2,1079.83,4,4,4,444,Champions
17869.0,12,1,214.32,2,3,2,232,Loyal Customers
17870.0,10,1,326.4,2,3,3,233,Loyal Customers
17873.0,17,1,215.14999999999998,1,3,2,132,Loyal Customers
17880.0,8,1,458.92,3,3,3,333,Loyal Customers
17884.0,12,2,324.62,2,4,3,243,Loyal Customers
17888.0,1,1,29.43,4,3,1,431,Loyal Customers
17890.0,5,1,476.96,3,3,3,333,Loyal Customers
17894.0,3,3,380.51,4,4,3,443,Champions
17897.0,11,2,434.62,2,4,3,243,Loyal Customers
17905.0,17,1,201.75,1,3,2,132,Loyal Customers
17908.0,17,1,243.28,1,3,2,132,Loyal Customers
17912.0,3,4,289.41,4,4,2,442,Champions
17917.0,6,1,110.91,3,3,1,331,Loyal Customers
17920.0,12,2,735.91,2,4,4,244,Loyal Customers
17924.0,17,1,279.0,1,3,2,132,Loyal Customers
17925.0,16,1,244.08,1,3,2,132,Loyal Customers
17937.0,5,2,2153.88,3,4,4,344,Loyal Customers
17949.0,15,1,1314.0,1,3,4,134,Loyal Customers
17950.0,9,2,263.17,3,4,2,342,Loyal Customers
17951.0,2,2,409.50000000000006,4,4,3,443,Champions
17954.0,11,2,128.68,2,4,1,241,Loyal Customers
17961.0,15,1,127.55,1,3,1,131,Loyal Customers
17964.0,16,1,261.76,1,3,2,132,Loyal Customers
17965.0,8,2,156.8,3,4,1,341,Loyal Customers
17967.0,15,1,123.07,1,3,1,131,Loyal Customers
17968.0,17,1,277.35,1,3,2,132,Loyal Customers
17969.0,5,1,125.2,3,3,1,331,Loyal Customers
17975.0,4,2,621.49,4,4,4,444,Champions
17976.0,16,1,353.19,1,3,3,133,Loyal Customers
17978.0,9,1,300.91999999999996,3,3,2,332,Loyal Customers
17980.0,3,1,295.2,4,3,2,432,Loyal Customers
17990.0,5,1,168.0,3,3,1,331,Loyal Customers
17999.0,10,1,190.34,2,3,1,231,Loyal Customers
18004.0,6,1,169.47,3,3,1,331,Loyal Customers
18011.0,16,1,102.78999999999999,1,3,1,131,Loyal Customers
18016.0,8,1,156.65,3,3,1,331,Loyal Customers
18037.0,6,1,31.3,3,3,1,331,Loyal Customers
18041.0,9,3,634.29,3,4,4,344,Loyal Customers
18043.0,10,1,316.46,2,3,2,232,Loyal Customers
18044.0,4,1,74.25,4,3,1,431,Loyal Customers
18050.0,3,1,74.4,4,3,1,431,Loyal Customers
18055.0,2,3,1751.1200000000001,4,4,4,444,Champions
18061.0,10,1,405.16,2,3,3,233,Loyal Customers
18065.0,8,2,345.02,3,4,3,343,Loyal Customers
18071.0,9,1,258.95,3,3,2,332,Loyal Customers
18074.0,17,1,489.6,1,3,3,133,Loyal Customers
18075.0,4,1,198.95000000000002,4,3,2,432,Loyal Customers
18077.0,10,1,204.87,2,3,2,232,Loyal Customers
18085.0,17,1,303.9,1,3,2,132,Loyal Customers
18092.0,9,1,1485.72,3,3,4,334,Loyal Customers
18102.0,9,4,27834.61,3,4,4,344,Loyal Customers
18109.0,6,2,552.75,3,4,3,343,Loyal Customers
18113.0,12,1,76.32000000000001,2,3,1,231,Loyal Customers
18116.0,2,2,311.88,4,4,2,442,Champions
18118.0,8,2,608.51,3,4,4,344,Loyal Customers
18119.0,11,1,181.12,2,3,1,231,Loyal Customers
18144.0,4,2,502.65,4,4,3,443,Champions
18156.0,13,1,206.23000000000002,1,3,2,132,Loyal Customers
18168.0,3,2,449.94,4,4,3,443,Champions
18176.0,2,1,476.35,4,3,3,433,Loyal Customers
18178.0,8,1,300.65000000000003,3,3,2,332,Loyal Customers
18219.0,4,2,390.06,4,4,3,443,Champions
18223.0,2,1,501.69,4,3,3,433,Loyal Customers
18225.0,9,1,30.0,3,3,1,331,Loyal Customers
18229.0,10,2,653.2,2,4,4,244,Loyal Customers
18239.0,15,1,438.1,1,3,3,133,Loyal Customers
18259.0,10,1,376.3,2,3,3,233,Loyal Customers
18260.0,1,1,230.70000000000002,4,3,2,432,Loyal Customers
18269.0,10,1,168.60000000000002,2,3,1,231,Loyal Customers
